employee_id,name,password,age,emplyee_type_id,joined_since,prefered_work_hour,shift_hours,contact_id
1,Wileen,3nIgxYP6dKA,42,1,2020-11-04,11:55 AM,5,1
2,Cully,yMjlwlCt4,28,2,2021-08-24,7:29 PM,2,2
3,Corey,gkHo2qCy4dK,27,3,2021-07-21,5:44 PM,8,3
4,Lyndel,FWQkDQW7wmS,18,4,2020-10-11,8:32 AM,8,4
5,Janifer,U1wsjaYYUNj,46,5,2019-03-18,11:30 PM,5,5
6,Elbert,uq8H7dW3vrHi,42,6,2021-03-03,6:49 PM,8,6
7,Allsun,gFWFnXV,47,7,2021-05-01,11:17 PM,6,7
8,Leese,mBDfXWeN80VW,19,8,2020-06-01,1:17 PM,8,8
9,Ruby,jTB6BC,49,9,2020-02-17,8:58 PM,4,9
10,Con,fOplIatELkP,39,10,2021-04-15,9:49 PM,1,10
11,Dudley,QPIrkLeoX0G,31,11,2020-05-31,6:40 PM,4,11
12,Loren,lojdTV7cTDQ,40,12,2020-03-07,10:41 AM,3,12
13,Catina,OkUY0dl,18,13,2019-07-20,1:18 PM,7,13
14,Ilario,dBJ6qrzCoF,38,14,2020-12-17,6:13 PM,6,14
15,Georges,nDL8E9JIt,32,15,2019-11-03,12:18 PM,8,15
16,Mufi,YHTtiOl6yASc,50,16,2019-04-07,3:39 PM,3,16
17,Doralin,TttHBdbtb8Ks,28,17,2019-11-30,3:26 PM,3,17
18,Emery,N6eUs6h,45,18,2020-06-06,8:28 PM,3,18
19,Marlie,58KWXwH7bwo,23,19,2019-11-03,3:17 PM,6,19
20,Abbey,XjnJiFKV8,18,20,2021-10-20,11:10 AM,5,20
21,Zared,RMjvrNBHs,21,1,2019-11-15,12:51 PM,6,21
22,Sharia,HANiYWFqXACE,32,2,2018-12-15,2:03 PM,5,22
23,Myrtice,QcLhq5KizJ,18,3,2020-03-18,9:24 AM,2,23
24,Lisabeth,h5YYp3Tr6IGz,29,4,2019-04-29,1:20 PM,6,24
25,Bord,Ec96h5wxNJ5,41,5,2021-04-22,11:46 PM,2,25
26,Anastasie,dRdBsebGK,18,6,2021-02-12,5:28 PM,5,26
27,Anthea,0kknKVIvjG,27,7,2021-10-17,12:25 PM,2,27
28,Rosabel,X9RtE2YrczC,37,8,2020-08-23,6:03 PM,3,28
29,Saunderson,GZocMax0Hln,39,9,2019-08-14,9:39 AM,7,29
30,Any,Fw1YXAN,45,10,2021-08-07,1:01 PM,5,30
31,Hildagard,nevT92bBYKNn,46,11,2018-12-24,10:16 PM,6,31
32,Winn,w8IbxNF,50,12,2019-09-21,10:22 AM,7,32
33,Ambros,io2QUUYL,44,13,2021-11-13,1:17 PM,4,33
34,Derrick,GaOKrSRDB0z,43,14,2019-07-04,9:17 PM,3,34
35,Tabbitha,vp2syJNk,48,15,2021-01-28,10:40 AM,2,35
36,Rafe,tBbagGT,43,16,2019-03-10,6:00 PM,4,36
37,Katine,VTL4NzO4LX2,43,17,2021-03-15,10:19 AM,6,37
38,Frankie,LvPLfysKTQ,30,18,2019-08-08,5:36 PM,8,38
39,Kimberley,SMf1KL,49,19,2020-09-23,3:44 PM,4,39
40,Vito,2luVBt,23,20,2020-03-26,9:52 PM,2,40
41,Malvina,vTWVZd,36,1,2020-05-18,12:32 PM,2,41
42,Elicia,umD5Hrj,23,2,2019-12-29,11:11 AM,1,42
43,Delainey,cNFlrLdVAXR,27,3,2021-10-04,3:05 PM,2,43
44,Mattias,NKUbGT8eDHow,18,4,2021-09-29,2:14 PM,7,44
45,Rosie,g8SitXW,39,5,2021-03-05,12:18 PM,2,45
46,Abdel,vOfK70sQc7Fg,46,6,2021-01-11,8:30 AM,6,46
47,Dael,15ElwPV,33,7,2020-05-01,12:16 PM,5,47
48,Yolane,efNISJvneQ,35,8,2019-07-28,8:24 PM,5,48
49,Rikki,GI99g1EIRnW,36,9,2018-12-31,1:35 PM,5,49
50,Bettine,vG7mEPGh,46,10,2018-12-20,7:15 PM,1,50
51,Barbey,p7lUO8Zmya,40,11,2021-01-10,8:07 PM,7,51
52,Tersina,fXw2rxAiIJmj,45,12,2020-05-17,10:12 AM,1,52
53,Libbi,k9PSeyVuS,30,13,2019-07-09,8:40 AM,4,53
54,Daune,f6F3G8AD5E,47,14,2020-04-17,5:24 PM,2,54
55,Pacorro,A0y0IRfAN,33,15,2019-02-20,1:51 PM,4,55
56,Deb,1JSPOu1rFBP,35,16,2021-09-25,8:42 AM,4,56
57,Lonny,1NvwQDU,35,17,2019-01-04,11:07 AM,3,57
58,Renata,uzWGsWgUN,38,18,2020-02-02,5:22 PM,8,58
59,Augusta,sujx7IKw472,43,19,2021-04-04,12:59 PM,3,59
60,Karel,T0gjvEkiW,34,20,2021-02-01,12:01 PM,6,60
61,Shermy,A14lYH0UE,24,1,2020-06-18,10:03 PM,7,61
62,Charissa,Bq7xe634,49,2,2019-02-08,2:24 PM,5,62
63,Millard,NDp6G1Q41FC,22,3,2019-12-05,2:16 PM,2,63
64,Mariel,zCqnHXwwd,25,4,2019-07-04,9:09 AM,4,64
65,Chelsea,1rjcOYdjFr6z,33,5,2019-09-21,8:03 AM,6,65
66,Kermie,0m6m4ckW,34,6,2019-06-01,12:45 PM,7,66
67,Eustacia,20zpEk,22,7,2020-12-25,10:38 PM,4,67
68,Winny,FU8ma65B8,35,8,2021-11-10,10:32 PM,3,68
69,Nicola,qZWmGwr3UH,46,9,2021-05-20,5:32 PM,4,69
70,Florina,c7gf4m4FSm8,30,10,2018-12-10,10:32 AM,2,70
71,Tomlin,cbaqldLXxT6X,39,11,2019-11-04,9:52 PM,1,71
72,Donella,YyGHkmEzitVA,48,12,2018-12-30,10:09 AM,3,72
73,Danni,hJjaywKlh,21,13,2019-01-22,11:20 PM,8,73
74,Pegeen,44WwxzVtT,33,14,2020-04-27,8:07 AM,3,74
75,Letty,qqyHYg7S,25,15,2020-08-30,11:26 PM,1,75
76,Vina,80yOYt,29,16,2019-07-13,6:45 PM,2,76
77,Shirlene,0s4l8viQR,25,17,2021-03-07,5:13 PM,4,77
78,Arlee,5Z8A5Q,43,18,2020-03-10,4:57 PM,6,78
79,Corrie,DaF96BpASKe,48,19,2021-02-24,9:18 PM,1,79
80,Conway,svvgKveN,19,20,2021-03-06,8:03 PM,8,80
81,Bartel,EYcPFpFBK,49,1,2019-08-18,1:04 PM,2,81
82,Eadie,gh0jjLbT,36,2,2021-06-07,8:24 AM,3,82
83,Cullen,KvYX1E9,46,3,2020-10-15,5:43 PM,4,83
84,Felice,2tF1p8VTi,33,4,2021-04-30,2:39 PM,3,84
85,Porty,yXvpkmLPtMut,29,5,2019-07-23,11:09 PM,3,85
86,Darin,YYFGrqQuV,49,6,2019-10-01,8:49 PM,1,86
87,Jodi,7vBFit,25,7,2019-07-30,5:35 PM,6,87
88,Gib,ocOtruh6oZaz,21,8,2020-04-06,12:53 PM,4,88
89,Filberte,SY86om,28,9,2021-08-29,8:37 AM,4,89
90,Mikol,lNg6Pyqe,36,10,2020-07-05,5:08 PM,2,90
91,Tymon,w2zjtMA,25,11,2021-01-16,7:10 PM,8,91
92,Cull,XGTclAYi3f,24,12,2020-08-14,3:16 PM,1,92
93,Hodge,68UXdf0,37,13,2020-06-21,11:11 PM,5,93
94,Ashla,v2ZtPu4Ha,47,14,2020-06-17,7:38 PM,7,94
95,Maddalena,oN5cUdILf7Wp,29,15,2021-02-03,4:09 PM,1,95
96,Hildegarde,ndDTetGEg,42,16,2020-06-25,11:38 PM,5,96
97,Cassaundra,h8ESF2tTv8,38,17,2021-01-20,10:33 PM,1,97
98,Carly,YuyMQqAIZqho,35,18,2019-11-27,4:22 PM,5,98
99,Kaleb,a5Fn52QA,25,19,2019-03-23,8:42 AM,8,99
100,Donny,Kl1nqJdus,27,20,2020-06-13,3:34 PM,4,100
